{
  "best_metric": null,
  "best_model_checkpoint": null,
  "epoch": 8.0,
  "eval_steps": 500,
  "global_step": 2336,
  "is_hyper_param_search": false,
  "is_local_process_zero": true,
  "is_world_process_zero": true,
  "log_history": [
    {
      "epoch": 1.7123287671232876,
      "grad_norm": 1.54775869846344,
      "learning_rate": 7.85958904109589e-05,
      "loss": 0.6084,
      "step": 500
    },
    {
      "epoch": 3.4246575342465753,
      "grad_norm": 1.4485493898391724,
      "learning_rate": 5.7191780821917806e-05,
      "loss": 0.4016,
      "step": 1000
    },
    {
      "epoch": 5.136986301369863,
      "grad_norm": 1.8198349475860596,
      "learning_rate": 3.578767123287671e-05,
      "loss": 0.3847,
      "step": 1500
    },
    {
      "epoch": 6.8493150684931505,
      "grad_norm": 1.3568196296691895,
      "learning_rate": 1.4383561643835617e-05,
      "loss": 0.3625,
      "step": 2000
    }
  ],
  "logging_steps": 500,
  "max_steps": 2336,
  "num_input_tokens_seen": 0,
  "num_train_epochs": 8,
  "save_steps": 500,
  "stateful_callbacks": {
    "TrainerControl": {
      "args": {
        "should_epoch_stop": false,
        "should_evaluate": false,
        "should_log": false,
        "should_save": true,
        "should_training_stop": true
      },
      "attributes": {}
    }
  },
  "total_flos": 6989597229711360.0,
  "train_batch_size": 1,
  "trial_name": null,
  "trial_params": null
}
