{
  "best_metric": null,
  "best_model_checkpoint": null,
  "epoch": 2.1739130434782608,
  "eval_steps": 500,
  "global_step": 1000,
  "is_hyper_param_search": false,
  "is_local_process_zero": true,
  "is_world_process_zero": true,
  "log_history": [
    {
      "epoch": 1.0869565217391304,
      "grad_norm": 7.5871663093566895,
      "learning_rate": 4e-06,
      "logits/chosen": -1.6826719045639038,
      "logits/rejected": -1.7454766035079956,
      "logps/chosen": -42.87699890136719,
      "logps/rejected": -51.45249938964844,
      "loss": 0.4014,
      "rewards/accuracies": 0.9087499976158142,
      "rewards/chosen": 0.43741297721862793,
      "rewards/margins": 1.0422240495681763,
      "rewards/rejected": -0.6048663258552551,
      "step": 500
    },
    {
      "epoch": 2.1739130434782608,
      "grad_norm": 3.7546560764312744,
      "learning_rate": 4e-06,
      "logits/chosen": -1.8697031736373901,
      "logits/rejected": -1.9401874542236328,
      "logps/chosen": -43.5307502746582,
      "logps/rejected": -83.69300079345703,
      "loss": 0.0947,
      "rewards/accuracies": 0.9754999876022339,
      "rewards/chosen": 0.3825874626636505,
      "rewards/margins": 4.212671756744385,
      "rewards/rejected": -3.8299999237060547,
      "step": 1000
    }
  ],
  "logging_steps": 500,
  "max_steps": 2760,
  "num_input_tokens_seen": 0,
  "num_train_epochs": 6,
  "save_steps": 500,
  "stateful_callbacks": {
    "TrainerControl": {
      "args": {
        "should_epoch_stop": false,
        "should_evaluate": false,
        "should_log": false,
        "should_save": true,
        "should_training_stop": false
      },
      "attributes": {}
    }
  },
  "total_flos": 0.0,
  "train_batch_size": 8,
  "trial_name": null,
  "trial_params": null
}
